{
  "TCN": {
    "pinball_p10": 334.9470458984375,
    "pinball_p10_std": 10.097227798100924,
    "coverage_p10": 0.0,
    "coverage_p10_std": 0.0,
    "pinball_p50": 941.4521240234375,
    "pinball_p50_std": 92.46500205825875,
    "coverage_p50": 0.06517333333333333,
    "coverage_p50_std": 0.0354551760834876,
    "pinball_p75": 617.397509765625,
    "pinball_p75_std": 63.45771439340924,
    "coverage_p75": 0.5445599999999999,
    "coverage_p75_std": 0.0825437968596066,
    "pinball_p90": 240.62417297363282,
    "pinball_p90_std": 18.57186562089135,
    "coverage_p90": 0.8998666666666667,
    "coverage_p90_std": 0.03167423067556478,
    "pinball_total": 2134.420852661133,
    "pinball_total_std": 129.22639208068574,
    "mae_p50": 1882.904248046875,
    "mae_p50_std": 184.9300041165175,
    "mape_p50": 27.673603057861328,
    "mape_p50_std": 3.311724590735624,
    "crossing_rate": 0.0,
    "crossing_rate_std": 0.0,
    "param_count": 17284,
    "inference_mean_us": 20803.022438311018,
    "inference_p99_us": 67560.37079030645
  },
  "MLP": {
    "pinball_p10": 329.2853637695313,
    "pinball_p10_std": 8.719734838483713,
    "coverage_p10": 0.0,
    "coverage_p10_std": 0.0,
    "pinball_p50": 938.2538696289063,
    "pinball_p50_std": 87.69583866529578,
    "coverage_p50": 0.2772266666666667,
    "coverage_p50_std": 0.07769059545544894,
    "pinball_p75": 841.959375,
    "pinball_p75_std": 102.93391355029756,
    "coverage_p75": 0.6880000000000001,
    "coverage_p75_std": 0.07877384788818631,
    "pinball_p90": 430.8034240722656,
    "pinball_p90_std": 43.17521641642129,
    "coverage_p90": 0.89984,
    "coverage_p90_std": 0.02779523860104259,
    "pinball_total": 2540.302032470703,
    "pinball_total_std": 164.03014174951196,
    "mae_p50": 1876.5077392578125,
    "mae_p50_std": 175.39167733059156,
    "mape_p50": 24.289175033569336,
    "mape_p50_std": 2.132903723710502,
    "crossing_rate": 0.0,
    "crossing_rate_std": 0.0,
    "param_count": 14628,
    "inference_mean_us": 172.05937369726598,
    "inference_p99_us": 267.0507621951401
  },
  "GRU": {
    "pinball_p10": 296.6247985839844,
    "pinball_p10_std": 13.783084711744857,
    "coverage_p10": 0.0,
    "coverage_p10_std": 0.0,
    "pinball_p50": 716.5177856445313,
    "pinball_p50_std": 85.72271285527887,
    "coverage_p50": 0.11149333333333333,
    "coverage_p50_std": 0.06441694187090846,
    "pinball_p75": 404.60267333984376,
    "pinball_p75_std": 53.410732573388046,
    "coverage_p75": 0.73192,
    "coverage_p75_std": 0.061303969782642236,
    "pinball_p90": 218.09967956542968,
    "pinball_p90_std": 17.679581312820144,
    "coverage_p90": 0.9765333333333333,
    "coverage_p90_std": 0.005856354573357828,
    "pinball_total": 1635.844937133789,
    "pinball_total_std": 153.5965269208082,
    "mae_p50": 1433.0355712890625,
    "mae_p50_std": 171.44542571055774,
    "mape_p50": 21.630381393432618,
    "mape_p50_std": 2.3337008059745905,
    "crossing_rate": 0.0,
    "crossing_rate_std": 0.0,
    "param_count": 5060,
    "inference_mean_us": 1777.306386968121,
    "inference_p99_us": 2551.8011453095824
  }
}