{
  "iid_base": {
    "pinball_p10": 360.59765625,
    "coverage_p10": 0.0,
    "pinball_p50": 890.7603759765625,
    "coverage_p50": 0.23613333333333333,
    "pinball_p75": 721.9942626953125,
    "coverage_p75": 0.6604,
    "pinball_p90": 350.9773864746094,
    "coverage_p90": 0.8914666666666666,
    "pinball_total": 2324.3296813964844,
    "mae_p50": 1781.520751953125,
    "mape_p50": 22.64175033569336,
    "crossing_rate": 0.0
  },
  "shifted_base": {
    "pinball_p10": 549.8174438476562,
    "coverage_p10": 0.0,
    "pinball_p50": 1449.13916015625,
    "coverage_p50": 0.21333333333333335,
    "pinball_p75": 1255.6280517578125,
    "coverage_p75": 0.664,
    "pinball_p90": 639.91650390625,
    "coverage_p90": 0.8453333333333334,
    "pinball_total": 3894.5011596679688,
    "mae_p50": 2898.2783203125,
    "mape_p50": 23.812719345092773,
    "crossing_rate": 0.0
  },
  "shifted_adapted": {
    "pinball_p10": 549.4429141927084,
    "coverage_p10": 0.0,
    "pinball_p50": 1446.2043541015626,
    "coverage_p50": 0.22266666666666668,
    "pinball_p75": 1255.3622202270506,
    "coverage_p75": 0.664,
    "pinball_p90": 639.8111603401693,
    "coverage_p90": 0.8453333333333334,
    "pinball_total": 3890.8206488614906,
    "mae_p50": 2892.408708203125,
    "mape_p50": 23.70082360240011,
    "crossing_rate": 0.0
  }
}