{
  "aggregate_metrics": {
    "pinball_p10": 335.4195861816406,
    "pinball_p10_std": 6.59662269793557,
    "coverage_p10": 5.333333333333333e-05,
    "coverage_p10_std": 6.531972647421808e-05,
    "pinball_p50": 885.8979736328125,
    "pinball_p50_std": 69.46711764077608,
    "coverage_p50": 0.14336,
    "coverage_p50_std": 0.07234457792782785,
    "pinball_p75": 560.0206176757813,
    "pinball_p75_std": 47.88186567970294,
    "coverage_p75": 0.6746666666666667,
    "coverage_p75_std": 0.09052553721955418,
    "pinball_p90": 238.6185302734375,
    "pinball_p90_std": 8.393557370592081,
    "coverage_p90": 0.95008,
    "coverage_p90_std": 0.020566138296832577,
    "pinball_total": 2019.9567077636718,
    "pinball_total_std": 94.58396939551422,
    "mae_p50": 1771.795947265625,
    "mae_p50_std": 138.93423528155216,
    "mape_p50": 24.152086639404295,
    "mape_p50_std": 2.9721172110602345,
    "crossing_rate": 0.0,
    "crossing_rate_std": 0.0
  },
  "P25_deadline": {
    "deadline_ms": 1035.4833984375,
    "overall_miss_rate": 0.75,
    "bins": {
      "\u0109 < 0.5": {
        "miss_rate": 0.8326737375336394,
        "n": 6317
      },
      "0.5 \u2264 \u0109 < 0.8": {
        "miss_rate": 0.30853761622992393,
        "n": 1183
      }
    }
  },
  "P50_deadline": {
    "deadline_ms": 2382.466796875,
    "overall_miss_rate": 0.5,
    "bins": {
      "\u0109 < 0.5": {
        "miss_rate": 0.5936362197245528,
        "n": 6317
      },
      "0.5 \u2264 \u0109 < 0.8": {
        "miss_rate": 0.0,
        "n": 1183
      }
    }
  },
  "P75_deadline": {
    "deadline_ms": 6115.7109375,
    "overall_miss_rate": 0.25,
    "bins": {
      "\u0109 < 0.5": {
        "miss_rate": 0.2968181098622764,
        "n": 6317
      },
      "0.5 \u2264 \u0109 < 0.8": {
        "miss_rate": 0.0,
        "n": 1183
      }
    }
  }
}