{
  "All features": {
    "pinball_p10": 340.4638366699219,
    "pinball_p10_std": 12.060810051675963,
    "coverage_p10": 0.0,
    "coverage_p10_std": 0.0,
    "pinball_p50": 899.1556762695312,
    "pinball_p50_std": 91.7321005039806,
    "coverage_p50": 0.14658666666666667,
    "coverage_p50_std": 0.0563125626402414,
    "pinball_p75": 559.3502075195313,
    "pinball_p75_std": 52.1584219052273,
    "coverage_p75": 0.68952,
    "coverage_p75_std": 0.06642198297417974,
    "pinball_p90": 248.73230590820313,
    "pinball_p90_std": 24.09085201986078,
    "coverage_p90": 0.9572533333333333,
    "coverage_p90_std": 0.023247246909879213,
    "pinball_total": 2047.7020263671875,
    "pinball_total_std": 127.330499627494,
    "mae_p50": 1798.3113525390625,
    "mae_p50_std": 183.4642010079612,
    "mape_p50": 24.287237930297852,
    "mape_p50_std": 2.7312736341557535,
    "crossing_rate": 0.0,
    "crossing_rate_std": 0.0
  },
  "w/o rsrp": {
    "pinball_p10": 337.18767700195315,
    "pinball_p10_std": 17.515213378156144,
    "coverage_p10": 0.0,
    "coverage_p10_std": 0.0,
    "pinball_p50": 868.0159545898438,
    "pinball_p50_std": 94.494490617339,
    "coverage_p50": 0.15421333333333334,
    "coverage_p50_std": 0.04363522328476286,
    "pinball_p75": 543.0006286621094,
    "pinball_p75_std": 73.0880478979446,
    "coverage_p75": 0.6975999999999999,
    "coverage_p75_std": 0.1088381305731896,
    "pinball_p90": 255.60350952148437,
    "pinball_p90_std": 28.49125935083377,
    "coverage_p90": 0.9584533333333333,
    "coverage_p90_std": 0.03375431231709515,
    "pinball_total": 2003.8077697753906,
    "pinball_total_std": 165.51527710234186,
    "mae_p50": 1736.0319091796875,
    "mae_p50_std": 188.988981234678,
    "mape_p50": 23.309556579589845,
    "mape_p50_std": 2.0964017193701694,
    "crossing_rate": 0.0,
    "crossing_rate_std": 0.0
  },
  "w/o rsrq": {
    "pinball_p10": 340.96567993164064,
    "pinball_p10_std": 15.626991926630662,
    "coverage_p10": 0.0,
    "coverage_p10_std": 0.0,
    "pinball_p50": 938.0136474609375,
    "pinball_p50_std": 103.97751595113937,
    "coverage_p50": 0.11055999999999999,
    "coverage_p50_std": 0.08631750794466775,
    "pinball_p75": 568.8432189941407,
    "pinball_p75_std": 72.07998609833786,
    "coverage_p75": 0.658,
    "coverage_p75_std": 0.07641379747430721,
    "pinball_p90": 240.5017333984375,
    "pinball_p90_std": 20.920743446274116,
    "coverage_p90": 0.9399200000000001,
    "coverage_p90_std": 0.030634139271226296,
    "pinball_total": 2088.3242797851562,
    "pinball_total_std": 176.4053593824948,
    "mae_p50": 1876.027294921875,
    "mae_p50_std": 207.95503190227873,
    "mape_p50": 26.44495964050293,
    "mape_p50_std": 3.638505416762396,
    "crossing_rate": 0.0,
    "crossing_rate_std": 0.0
  },
  "w/o sinr": {
    "pinball_p10": 334.42315673828125,
    "pinball_p10_std": 11.139924967782948,
    "coverage_p10": 0.0,
    "coverage_p10_std": 0.0,
    "pinball_p50": 940.4604125976563,
    "pinball_p50_std": 86.03429877433969,
    "coverage_p50": 0.06829333333333333,
    "coverage_p50_std": 0.03436684707356463,
    "pinball_p75": 617.8570251464844,
    "pinball_p75_std": 95.81564646103593,
    "coverage_p75": 0.5716,
    "coverage_p75_std": 0.07733374712532974,
    "pinball_p90": 239.79933166503906,
    "pinball_p90_std": 30.41094923689953,
    "coverage_p90": 0.9190400000000001,
    "coverage_p90_std": 0.030208566849672134,
    "pinball_total": 2132.539926147461,
    "pinball_total_std": 195.96730689758346,
    "mae_p50": 1880.9208251953125,
    "mae_p50_std": 172.06859754867938,
    "mape_p50": 26.96210708618164,
    "mape_p50_std": 3.142818430712785,
    "crossing_rate": 0.0,
    "crossing_rate_std": 0.0
  },
  "w/o throughput": {
    "pinball_p10": 334.9608642578125,
    "pinball_p10_std": 8.44251112482667,
    "coverage_p10": 0.00010666666666666667,
    "coverage_p10_std": 0.00015549205052920804,
    "pinball_p50": 919.3815307617188,
    "pinball_p50_std": 97.6485151680249,
    "coverage_p50": 0.13114666666666666,
    "coverage_p50_std": 0.07756891015234275,
    "pinball_p75": 607.3988403320312,
    "pinball_p75_std": 67.49905356747665,
    "coverage_p75": 0.6353333333333333,
    "coverage_p75_std": 0.09074937404130615,
    "pinball_p90": 257.2506958007813,
    "pinball_p90_std": 12.197284490788348,
    "coverage_p90": 0.9374933333333333,
    "coverage_p90_std": 0.021491645922182074,
    "pinball_total": 2118.9919311523436,
    "pinball_total_std": 144.22192940056172,
    "mae_p50": 1838.7630615234375,
    "mae_p50_std": 195.2970303360498,
    "mape_p50": 26.144617080688477,
    "mape_p50_std": 4.343029160241274,
    "crossing_rate": 0.0,
    "crossing_rate_std": 0.0
  },
  "w/o throughput_var": {
    "pinball_p10": 339.7059265136719,
    "pinball_p10_std": 8.250491696470071,
    "coverage_p10": 0.0,
    "coverage_p10_std": 0.0,
    "pinball_p50": 939.689599609375,
    "pinball_p50_std": 102.99401338192338,
    "coverage_p50": 0.08888,
    "coverage_p50_std": 0.04943489365934867,
    "pinball_p75": 623.4342651367188,
    "pinball_p75_std": 63.87347840840882,
    "coverage_p75": 0.6038933333333334,
    "coverage_p75_std": 0.06219815788626256,
    "pinball_p90": 251.18755187988282,
    "pinball_p90_std": 15.721408477703623,
    "coverage_p90": 0.9277599999999999,
    "coverage_p90_std": 0.023245533860172907,
    "pinball_total": 2154.0173431396483,
    "pinball_total_std": 169.05185959470887,
    "mae_p50": 1879.37919921875,
    "mae_p50_std": 205.98802676384676,
    "mape_p50": 26.3473201751709,
    "mape_p50_std": 3.5756253558307907,
    "crossing_rate": 0.0,
    "crossing_rate_std": 0.0
  },
  "w/o hour": {
    "pinball_p10": 340.3496826171875,
    "pinball_p10_std": 13.704538730783307,
    "coverage_p10": 0.0,
    "coverage_p10_std": 0.0,
    "pinball_p50": 937.6273071289063,
    "pinball_p50_std": 81.66985210174788,
    "coverage_p50": 0.10077333333333334,
    "coverage_p50_std": 0.06000085332726527,
    "pinball_p75": 579.8661254882812,
    "pinball_p75_std": 57.05964652963692,
    "coverage_p75": 0.6415466666666666,
    "coverage_p75_std": 0.0721587188849075,
    "pinball_p90": 231.42603454589843,
    "pinball_p90_std": 17.917787174382735,
    "coverage_p90": 0.9485866666666667,
    "coverage_p90_std": 0.018648105057142445,
    "pinball_total": 2089.2691497802734,
    "pinball_total_std": 128.32626212311723,
    "mae_p50": 1875.2546142578126,
    "mae_p50_std": 163.33970420349576,
    "mape_p50": 26.402494049072267,
    "mape_p50_std": 3.7166806560357317,
    "crossing_rate": 0.0,
    "crossing_rate_std": 0.0
  }
}