{
  "With \u03c3_r": {
    "pinball_p10": 338.9346984863281,
    "pinball_p10_std": 13.638457917621054,
    "coverage_p10": 0.0,
    "coverage_p10_std": 0.0,
    "pinball_p50": 909.2140869140625,
    "pinball_p50_std": 86.34892641194712,
    "coverage_p50": 0.11301333333333333,
    "coverage_p50_std": 0.06677093712420432,
    "pinball_p75": 563.025439453125,
    "pinball_p75_std": 54.13020964300384,
    "coverage_p75": 0.6424,
    "coverage_p75_std": 0.12225629908788614,
    "pinball_p90": 247.92605285644532,
    "pinball_p90_std": 19.00087567792524,
    "coverage_p90": 0.9366399999999999,
    "coverage_p90_std": 0.040968315128211495,
    "pinball_total": 2059.100277709961,
    "pinball_total_std": 96.05856033110327,
    "mae_p50": 1818.428173828125,
    "mae_p50_std": 172.69785282389424,
    "mape_p50": 25.6955997467041,
    "mape_p50_std": 3.8744044839151517,
    "crossing_rate": 0.0,
    "crossing_rate_std": 0.0
  },
  "Without \u03c3_r": {
    "pinball_p10": 337.19166870117186,
    "pinball_p10_std": 8.219557350894258,
    "coverage_p10": 0.0,
    "coverage_p10_std": 0.0,
    "pinball_p50": 925.90693359375,
    "pinball_p50_std": 123.47922382751958,
    "coverage_p50": 0.10088000000000001,
    "coverage_p50_std": 0.06075545736804226,
    "pinball_p75": 606.9896484375,
    "pinball_p75_std": 105.5609395901262,
    "coverage_p75": 0.61344,
    "coverage_p75_std": 0.12391111940060547,
    "pinball_p90": 263.2636749267578,
    "pinball_p90_std": 23.64436049582549,
    "coverage_p90": 0.9239733333333333,
    "coverage_p90_std": 0.04304130522597514,
    "pinball_total": 2133.35192565918,
    "pinball_total_std": 237.87286003101525,
    "mae_p50": 1851.8138671875,
    "mae_p50_std": 246.95844765503915,
    "mape_p50": 26.1369384765625,
    "mape_p50_std": 4.63220047385649,
    "crossing_rate": 0.0,
    "crossing_rate_std": 0.0
  }
}